id;name;description;position;imagen;imagen_content_type
1;Avon;hacking;CENTER;../fake-data/blob/hipster.png;image/png
2;Hat pricing structure generating;Interactions Jamaica Switchable;TOP;../fake-data/blob/hipster.png;image/png
3;hard drive;Synchronised;BUTTON;../fake-data/blob/hipster.png;image/png
4;generating Music Tasty Fresh Keyboard;Codes specifically reserved for testing purposes integrate;CENTER;../fake-data/blob/hipster.png;image/png
5;Manager lime Underpass;cohesive deposit;CENTER;../fake-data/blob/hipster.png;image/png
6;Florida Walks Idaho;Music;CENTER;../fake-data/blob/hipster.png;image/png
7;open-source real-time;Buckinghamshire;TOP;../fake-data/blob/hipster.png;image/png
8;action-items;green Interactions;TOP;../fake-data/blob/hipster.png;image/png
9;Kina plum matrix;explicit application;TOP;../fake-data/blob/hipster.png;image/png
10;microchip collaboration Brook;Circle;TOP;../fake-data/blob/hipster.png;image/png
